Environment,Unmarked_type,Marked_type,Ancestor,Mutation,Marked_genotype,Replicate,Label,Date,t0total,t0gfp,t0unmarked,t24total,t24gfp,t24unmarked,t0propgfp,t24propgfp,t0propgfp_marked,t24propgfp_marked,fit,scalingfactor,scaledfit
LB,Ancestor,Isogenic,MG1655,none,MG1655-YFP,1,1A1,2019.07.22,20094,9604,10490,20046,9217,10829,0.477953618,0.459792477,0.97305746,0.989705409,1.010977867,0.991436508,1.019710147
LB,Ancestor,Isogenic,MG1655,none,MG1655-YFP,2,1A2,2019.07.22,20096,9383,10713,20021,9929,10092,0.466908838,0.495929274,0.97305746,0.989705409,0.982498846,0.991436508,0.990985139
LB,Ancestor,Isogenic,MG1655,none,MG1655-YFP,3,1A3,2019.07.22,20085,9681,10404,20030,9883,10147,0.482001494,0.493409885,0.97305746,0.989705409,0.99312701,0.991436508,1.001705103
LB,Ancestor,Isogenic,MG1655,none,MG1655-YFP,4,1A4,2019.07.22,20090,9640,10450,20042,10311,9731,0.479840717,0.514469614,0.97305746,0.989705409,0.97914231,0.991436508,0.987599612
LB,Ancestor,Common (MG1655),PB2,none,MG1655-YFP,1,1C9,2019.07.22,20009,12043,7966,20004,14099,5905,0.601879154,0.704809038,0.97305746,0.989705409,0.931214145,0.911817071,1.021272988
LB,Ancestor,Common (MG1655),PB2,none,MG1655-YFP,2,1C10,2019.07.22,20017,11507,8510,20014,15012,5002,0.574861368,0.750074948,0.97305746,0.989705409,0.879994626,0.911817071,0.965099968
LB,Ancestor,Common (MG1655),PB2,none,MG1655-YFP,3,1C11,2019.07.22,20009,11987,8022,20012,13933,6079,0.599080414,0.696232261,0.97305746,0.989705409,0.935611948,0.911817071,1.026096108
LB,Ancestor,Common (MG1655),PB2,none,MG1655-YFP,4,1C12,2019.07.22,20008,11692,8316,20017,14642,5375,0.584366253,0.731478243,0.97305746,0.989705409,0.900447565,0.911817071,0.987530935
LB,Ancestor,Common (MG1655),PB5,none,MG1655-YFP,1,1F5,2019.07.22,20038,12488,7550,20012,15004,5008,0.62321589,0.74975015,0.97305746,0.989705409,0.910585124,0.905893844,1.00517862
LB,Ancestor,Common (MG1655),PB5,none,MG1655-YFP,2,1F6,2019.07.22,20023,12757,7266,20025,14993,5032,0.637117315,0.748714107,0.97305746,0.989705409,0.920393867,0.905893844,1.016006316
LB,Ancestor,Common (MG1655),PB5,none,MG1655-YFP,3,1F7,2019.07.22,20030,12853,7177,20022,15362,4660,0.641687469,0.767256018,0.97305746,0.989705409,0.908157901,0.905893844,1.002499252
LB,Ancestor,Common (MG1655),PB5,none,MG1655-YFP,4,1F8,2019.07.22,20035,12672,7363,20017,15766,4251,0.632493137,0.787630514,0.97305746,0.989705409,0.884438484,0.905893844,0.976315812
LB,Ancestor,Common (MG1655),OLC809,none,MG1655-YFP,1,2A1,2019.07.22,20000,12225,7775,20038,14970,5068,0.61125,0.747080547,0.97305746,0.989705409,0.905095423,0.924210025,0.979317903
LB,Ancestor,Common (MG1655),OLC809,none,MG1655-YFP,2,2A2,2019.07.22,20014,12170,7844,20021,14792,5229,0.608074348,0.738824235,0.97305746,0.989705409,0.909594455,0.924210025,0.984185878
LB,Ancestor,Common (MG1655),OLC809,none,MG1655-YFP,3,2A3,2019.07.22,20021,12141,7880,20041,13132,6909,0.606413266,0.655256724,0.97305746,0.989705409,0.968396842,0.924210025,1.047810363
LB,Ancestor,Common (MG1655),OLC809,none,MG1655-YFP,4,2A4,2019.07.22,20041,11784,8257,20036,14362,5674,0.587994611,0.716809742,0.97305746,0.989705409,0.91375338,0.924210025,0.988685856
LB,Ancestor,Common (MG1655),PB6,none,MG1655-YFP,1,2C9,2019.07.22,20032,9349,10683,19980,2362,17618,0.466703275,0.118218218,0.97305746,0.989705409,1.282370363,1.274713338,1.00600686
LB,Ancestor,Common (MG1655),PB6,none,MG1655-YFP,2,2C10,2019.07.22,20010,8790,11220,19979,2276,17703,0.43928036,0.113919616,0.97305746,0.989705409,1.272015432,1.274713338,0.997883519
LB,Ancestor,Common (MG1655),PB6,none,MG1655-YFP,3,2C11,2019.07.22,20008,8946,11062,19960,2327,17633,0.447121152,0.116583166,0.97305746,0.989705409,1.272866074,1.274713338,0.998550839
LB,Ancestor,Common (MG1655),PB6,none,MG1655-YFP,4,2C12,2019.07.22,20024,8506,11518,19980,2165,17815,0.424790252,0.108358358,0.97305746,0.989705409,1.271601485,1.274713338,0.997558782
LB,Ancestor,Common (MG1655),PB10,none,MG1655-YFP,1,2E5,2019.07.22,20205,12286,7919,20094,9624,10470,0.60806731,0.47894894,0.97305746,0.989705409,1.078787002,1.052524598,1.02495182
LB,Ancestor,Common (MG1655),PB10,none,MG1655-YFP,2,2E6,2019.07.22,20166,11886,8280,20079,11440,8639,0.589407914,0.56974949,0.97305746,0.989705409,1.012144922,1.052524598,0.961635409
LB,Ancestor,Common (MG1655),PB10,none,MG1655-YFP,3,2E7,2019.07.22,20208,12217,7991,20089,9749,10340,0.604562549,0.485290457,0.97305746,0.989705409,1.072754084,1.052524598,1.019219965
LB,Ancestor,Common (MG1655),PB10,none,MG1655-YFP,4,2E8,2019.07.22,20221,11716,8505,20094,10107,9987,0.579397656,0.502985966,0.97305746,0.989705409,1.046412383,1.052524598,0.994192806
LB,Ancestor,Common (MG1655),PB1,none,MG1655-YFP,1,2G1,2019.07.22,20192,10830,9362,20180,3456,16724,0.53635103,0.171258672,0.97305746,0.989705409,1.259246141,1.262723138,0.99724643
LB,Ancestor,Common (MG1655),PB1,none,MG1655-YFP,2,2G2,2019.07.22,20195,11426,8769,20178,3449,16729,0.56578361,0.170928734,0.97305746,0.989705409,1.27750873,1.262723138,1.01170929
LB,Ancestor,Common (MG1655),PB1,none,MG1655-YFP,3,2G3,2019.07.22,20172,10979,9193,20181,3620,16561,0.544269284,0.179376641,0.97305746,0.989705409,1.255592308,1.262723138,0.994352816
LB,Ancestor,Common (MG1655),PB1,none,MG1655-YFP,4,2G4,2019.07.22,20216,9787,10429,20174,2908,17266,0.484121488,0.14414593,0.97305746,0.989705409,1.258545373,1.262723138,0.996691464
LB,Ancestor,Common (MG1655),PB4,none,MG1655-YFP,1,2G5,2019.07.22,20154,7812,12342,20044,4227,15817,0.387615362,0.210886051,0.97305746,0.989705409,1.129780913,1.128229362,1.001375209
LB,Ancestor,Common (MG1655),PB4,none,MG1655-YFP,2,2G6,2019.07.22,20110,7344,12766,20029,3879,16150,0.365191447,0.19366918,0.97305746,0.989705409,1.131465959,1.128229362,1.002868741
LB,Ancestor,Common (MG1655),PB4,none,MG1655-YFP,3,2G7,2019.07.22,20155,7745,12410,20068,4267,15801,0.384271893,0.212627068,0.97305746,0.989705409,1.126087482,1.128229362,0.998101557
LB,Ancestor,Common (MG1655),PB4,none,MG1655-YFP,4,2G8,2019.07.22,20140,7774,12366,20064,4302,15762,0.385998014,0.214413876,0.97305746,0.989705409,1.125583093,1.128229362,0.997654494
LB,Ancestor,Common (MG1655),PB13,none,MG1655-YFP,1,2G9,2019.07.22,20181,14224,5957,20119,254,19865,0.704821367,0.012624882,0.97305746,0.989705409,1.787154919,1.794621213,0.995839627
LB,Ancestor,Common (MG1655),PB13,none,MG1655-YFP,2,2G10,2019.07.22,20139,13677,6462,20114,185,19929,0.679130046,0.009197574,0.97305746,0.989705409,1.817198925,1.794621213,1.012580767
LB,Ancestor,Common (MG1655),PB13,none,MG1655-YFP,3,2G11,2019.07.22,20174,14437,5737,20105,281,19824,0.715624071,0.013976623,0.97305746,0.989705409,1.779540032,1.794621213,0.991596454
LB,Ancestor,Common (MG1655),PB13,none,MG1655-YFP,4,2G12,2019.07.22,20136,13999,6137,20100,231,19869,0.695222487,0.011492537,0.97305746,0.989705409,1.794590976,1.794621213,0.999983151
LB,Ancestor,Common (MG1655),PB15,none,MG1655-YFP,1,2H1,2019.07.22,20216,15876,4340,20147,17612,2535,0.78531856,0.874174815,0.97305746,0.989705409,0.903451754,0.888795907,1.016489553
LB,Ancestor,Common (MG1655),PB15,none,MG1655-YFP,2,2H2,2019.07.22,20238,15999,4239,20141,17792,2349,0.790542544,0.883372226,0.97305746,0.989705409,0.895157215,0.888795907,1.007157221
LB,Ancestor,Common (MG1655),PB15,none,MG1655-YFP,3,2H3,2019.07.22,20250,16012,4238,20140,17897,2243,0.790716049,0.888629593,0.97305746,0.989705409,0.887479222,0.888795907,0.998518575
LB,Ancestor,Common (MG1655),PB15,none,MG1655-YFP,4,2H4,2019.07.22,20234,15811,4423,20118,18007,2111,0.781407532,0.895069092,0.97305746,0.989705409,0.869095436,0.888795907,0.977834651
LB,Ancestor,Common (MG1655),OLC682,none,MG1655-YFP,1,2H5,2019.07.22,20195,12948,7247,20222,16506,3716,0.641148799,0.816239739,0.97305746,0.989705409,0.862922622,0.842986837,1.023648988
LB,Ancestor,Common (MG1655),OLC682,none,MG1655-YFP,2,2H6,2019.07.22,20218,12469,7749,20156,16529,3627,0.616727668,0.820053582,0.97305746,0.989705409,0.843309554,0.842986837,1.000382825
LB,Ancestor,Common (MG1655),OLC682,none,MG1655-YFP,3,2H7,2019.07.22,20282,12863,7419,20177,15990,4187,0.634207672,0.792486495,0.97305746,0.989705409,0.881143071,0.842986837,1.045263143
LB,Ancestor,Common (MG1655),OLC682,none,MG1655-YFP,4,2H8,2019.07.22,20198,12285,7913,20156,17467,2689,0.608228537,0.866590593,0.97305746,0.989705409,0.784572101,0.842986837,0.930705044
LB,Ancestor,Common (MG1655),OLC969,none,MG1655-YFP,1,2H9,2019.07.22,20120,8469,11651,20073,3995,16078,0.420924453,0.199023564,0.97305746,0.989705409,1.161567122,1.169866962,0.992905313
LB,Ancestor,Common (MG1655),OLC969,none,MG1655-YFP,2,2H10,2019.07.22,20169,8060,12109,20120,3830,16290,0.399623184,0.190357853,0.97305746,0.989705409,1.156633613,1.169866962,0.988688159
LB,Ancestor,Common (MG1655),OLC969,none,MG1655-YFP,3,2H11,2019.07.22,20187,8727,11460,20097,3775,16322,0.432307921,0.187838981,0.97305746,0.989705409,1.179364579,1.169866962,1.008118544
LB,Ancestor,Common (MG1655),OLC969,none,MG1655-YFP,4,2H12,2019.07.22,20187,8384,11803,20068,3512,16556,0.415316788,0.175004983,0.97305746,0.989705409,1.181902536,1.169866962,1.010287985
M9-Glucose,Ancestor,Isogenic,MG1655,none,MG1655-YFP,1,1A1,2019.09.17,20151,9366,10785,20241,8142,12099,0.464790829,0.402252853,0.942773939,0.923482384,1.038383851,1.027475242,1.010616907
M9-Glucose,Ancestor,Isogenic,MG1655,none,MG1655-YFP,2,1A2,2019.09.17,20169,9141,11028,20145,8605,11540,0.453220289,0.42715314,0.942773939,0.923482384,1.01592571,1.027475242,0.988759309
M9-Glucose,Ancestor,Isogenic,MG1655,none,MG1655-YFP,3,1A3,2019.09.17,20141,9290,10851,20174,8373,11801,0.4612482,0.415039159,0.942773939,0.923482384,1.028274745,1.027475242,1.000778125
M9-Glucose,Ancestor,Isogenic,MG1655,none,MG1655-YFP,4,1A4,2019.09.17,20144,9547,10597,20176,8656,11520,0.473937649,0.429024584,0.942773939,0.923482384,1.02731666,1.027475242,0.999845659
M9-Glucose,Ancestor,Common (MG1655),PB2,none,MG1655-YFP,1,1C9,2019.09.17,20121,8034,12087,20100,4377,15723,0.39928433,0.217761194,0.942773939,0.923482384,1.130995173,1.122110145,1.007918143
M9-Glucose,Ancestor,Common (MG1655),PB2,none,MG1655-YFP,2,1C10,2019.09.17,20136,7568,12568,20086,4448,15638,0.375844259,0.221447775,0.942773939,0.923482384,1.112889894,1.122110145,0.991783115
M9-Glucose,Ancestor,Common (MG1655),PB2,none,MG1655-YFP,3,1C11,2019.09.17,20125,7660,12465,20084,4369,15715,0.380621118,0.217536347,0.942773939,0.923482384,1.119383798,1.122110145,0.99757034
M9-Glucose,Ancestor,Common (MG1655),PB2,none,MG1655-YFP,4,1C12,2019.09.17,20117,7723,12394,20095,4288,15807,0.383904161,0.213386415,0.942773939,0.923482384,1.125171713,1.122110145,1.002728403
M9-Glucose,Ancestor,Common (MG1655),OLC809,none,MG1655-YFP,1,2A1,2019.09.17,20143,7452,12691,20111,2656,17455,0.369954823,0.132067028,0.942773939,0.923482384,1.203254592,1.222054205,0.984616384
M9-Glucose,Ancestor,Common (MG1655),OLC809,none,MG1655-YFP,2,2A2,2019.09.17,20196,7689,12507,20141,2533,17608,0.380718954,0.125763368,0.942773939,0.923482384,1.218615692,1.222054205,0.997186284
M9-Glucose,Ancestor,Common (MG1655),OLC809,none,MG1655-YFP,3,2A3,2019.09.17,20132,7728,12404,20136,2615,17521,0.383866481,0.129866905,0.942773939,0.923482384,1.215080989,1.222054205,0.994293857
M9-Glucose,Ancestor,Common (MG1655),OLC809,none,MG1655-YFP,4,2A4,2019.09.17,20142,7791,12351,20188,2144,18044,0.386803694,0.106201704,0.942773939,0.923482384,1.251265548,1.222054205,1.023903475
M9-Glucose,Ancestor,Common (MG1655),PB6,none,MG1655-YFP,1,2C9,2019.09.17,20116,9920,10196,20036,364,19672,0.493139789,0.018167299,0.942773939,0.923482384,1.596393877,1.592314229,1.002562087
M9-Glucose,Ancestor,Common (MG1655),PB6,none,MG1655-YFP,2,2C10,2019.09.17,20150,10176,9974,20051,337,19714,0.505012407,0.016807142,0.942773939,0.923482384,1.615463606,1.592314229,1.014538196
M9-Glucose,Ancestor,Common (MG1655),PB6,none,MG1655-YFP,3,2C11,2019.09.17,20126,9173,10953,20044,377,19667,0.455778595,0.018808621,0.942773939,0.923482384,1.568510679,1.592314229,0.985050972
M9-Glucose,Ancestor,Common (MG1655),PB6,none,MG1655-YFP,4,2C12,2019.09.17,20152,9201,10951,20038,331,19707,0.456579992,0.016518615,0.942773939,0.923482384,1.588888756,1.592314229,0.997848745
M9-Glucose,Ancestor,Common (MG1655),PB10,none,MG1655-YFP,1,2E5,2019.09.17,20135,7946,12189,20126,1588,18538,0.394636206,0.078902912,0.942773939,0.923482384,1.305467489,1.291309262,1.010964242
M9-Glucose,Ancestor,Common (MG1655),PB10,none,MG1655-YFP,2,2E6,2019.09.17,20187,7672,12515,20178,1832,18346,0.380046565,0.090791952,0.942773939,0.923482384,1.273132449,1.291309262,0.985923734
M9-Glucose,Ancestor,Common (MG1655),PB10,none,MG1655-YFP,3,2E7,2019.09.17,20165,8084,12081,20163,1690,18473,0.400892636,0.083816892,0.942773939,0.923482384,1.299499936,1.291309262,1.006342923
M9-Glucose,Ancestor,Common (MG1655),PB10,none,MG1655-YFP,4,2E8,2019.09.17,20176,7645,12531,20161,1674,18487,0.378915543,0.083031596,0.942773939,0.923482384,1.287137172,1.291309262,0.996769101
M9-Glucose,Ancestor,Common (MG1655),PB1,none,MG1655-YFP,1,2G1,2019.09.17,20307,7961,12346,20678,1922,18756,0.392032304,0.092949028,0.942773939,0.923482384,1.276852755,1.287036963,0.99208709
M9-Glucose,Ancestor,Common (MG1655),PB1,none,MG1655-YFP,2,2G2,2019.09.17,20315,7836,12479,20703,1751,18952,0.385724834,0.084577114,0.942773939,0.923482384,1.288447496,1.287036963,1.001095954
M9-Glucose,Ancestor,Common (MG1655),PB1,none,MG1655-YFP,3,2G3,2019.09.17,20301,8088,12213,20729,1831,18898,0.39840402,0.088330358,0.942773939,0.923482384,1.289301017,1.287036963,1.001759122
M9-Glucose,Ancestor,Common (MG1655),PB1,none,MG1655-YFP,4,2G4,2019.09.17,20309,7749,12560,20676,1668,19008,0.381554976,0.080673244,0.942773939,0.923482384,1.293546583,1.287036963,1.005057835
M9-Glucose,Ancestor,Common (MG1655),PB4,none,MG1655-YFP,1,2G5,2019.09.17,20127,8012,12115,20062,2333,17729,0.398072241,0.116289503,0.942773939,0.923482384,1.243012904,1.225026378,1.014682562
M9-Glucose,Ancestor,Common (MG1655),PB4,none,MG1655-YFP,2,2G6,2019.09.17,20128,7365,12763,20045,2304,17741,0.365908188,0.114941382,0.942773939,0.923482384,1.224481122,1.225026378,0.999554902
M9-Glucose,Ancestor,Common (MG1655),PB4,none,MG1655-YFP,3,2G7,2019.09.17,20099,7782,12317,20116,2938,17178,0.387183442,0.146052893,0.942773939,0.923482384,1.19668297,1.225026378,0.976863022
M9-Glucose,Ancestor,Common (MG1655),PB4,none,MG1655-YFP,4,2G8,2019.09.17,20097,7630,12467,20062,2271,17791,0.379658656,0.113199083,0.942773939,0.923482384,1.235928517,1.225026378,1.008899514
M9-Glucose,Ancestor,Common (MG1655),PB13,none,MG1655-YFP,1,2G9,2019.09.17,20154,9228,10926,20092,79,20013,0.457874367,0.003931913,0.942773939,0.923482384,1.807631352,1.837405345,0.983795632
M9-Glucose,Ancestor,Common (MG1655),PB13,none,MG1655-YFP,2,2G10,2019.09.17,20174,8910,11264,20108,58,20050,0.441657579,0.002884424,0.942773939,0.923482384,1.844555286,1.837405345,1.003891325
M9-Glucose,Ancestor,Common (MG1655),PB13,none,MG1655-YFP,3,2G11,2019.09.17,20155,8643,11512,20093,49,20044,0.428826594,0.00243866,0.942773939,0.923482384,1.8620332,1.837405345,1.013403605
M9-Glucose,Ancestor,Common (MG1655),PB13,none,MG1655-YFP,4,2G12,2019.09.17,20163,8518,11645,20108,57,20051,0.422456976,0.002834693,0.942773939,0.923482384,1.835401542,1.837405345,0.998909439
M9-Glucose,Ancestor,Common (MG1655),PB15,none,MG1655-YFP,1,2H1,2019.09.17,20183,12284,7899,20145,4193,15952,0.608631026,0.208140978,0.942773939,0.923482384,1.267574903,1.286799877,0.985059857
M9-Glucose,Ancestor,Common (MG1655),PB15,none,MG1655-YFP,2,2H2,2019.09.17,20213,12893,7320,20153,4089,16064,0.637856825,0.202897832,0.942773939,0.923482384,1.291149364,1.286799877,1.00338008
M9-Glucose,Ancestor,Common (MG1655),PB15,none,MG1655-YFP,3,2H3,2019.09.17,20188,12700,7488,20103,3654,16449,0.629086586,0.181763916,0.942773939,0.923482384,1.30595823,1.286799877,1.01488837
M9-Glucose,Ancestor,Common (MG1655),PB15,none,MG1655-YFP,4,2H4,2019.09.17,20206,12712,7494,20111,4145,15966,0.629120063,0.206106111,0.942773939,0.923482384,1.282517012,1.286799877,0.996671693
M9-Glucose,Ancestor,Common (MG1655),OLC682,none,MG1655-YFP,1,2H5,2019.09.17,20189,8735,11454,20170,16022,4148,0.43266135,0.794348042,0.942773939,0.923482384,0.755813866,0.785254255,0.962508463
M9-Glucose,Ancestor,Common (MG1655),OLC682,none,MG1655-YFP,2,2H6,2019.09.17,20186,9203,10983,20245,15526,4719,0.455910037,0.766905409,0.942773939,0.923482384,0.794134883,0.785254255,1.01130924
M9-Glucose,Ancestor,Common (MG1655),OLC682,none,MG1655-YFP,3,2H7,2019.09.17,20192,9310,10882,20195,16069,4126,0.461073693,0.795692003,0.942773939,0.923482384,0.771878793,0.785254255,0.982966712
M9-Glucose,Ancestor,Common (MG1655),OLC682,none,MG1655-YFP,4,2H8,2019.09.17,20231,9044,11187,20311,14803,5508,0.447036726,0.728816897,0.942773939,0.923482384,0.819189476,0.785254255,1.043215584
M9-Glucose,Ancestor,Common (MG1655),OLC969,none,MG1655-YFP,1,2H9,2019.09.17,20405,9896,10509,20678,1421,19257,0.484979172,0.068720379,0.942773939,0.923482384,1.383273254,1.356436211,1.019784965
M9-Glucose,Ancestor,Common (MG1655),OLC969,none,MG1655-YFP,2,2H10,2019.09.17,20416,9650,10766,20669,1494,19175,0.472668495,0.072282162,0.942773939,0.923482384,1.367665266,1.356436211,1.008278351
M9-Glucose,Ancestor,Common (MG1655),OLC969,none,MG1655-YFP,3,2H11,2019.09.17,20351,9664,10687,20714,1668,19046,0.4748661,0.080525249,0.942773939,0.923482384,1.351394029,1.356436211,0.996282772
M9-Glucose,Ancestor,Common (MG1655),OLC969,none,MG1655-YFP,4,2H12,2019.09.17,20391,9290,11101,20736,1844,18892,0.455593154,0.088927469,0.942773939,0.923482384,1.323412296,1.356436211,0.975653912
M9-Glucose,Ancestor,Common (MG1655),PB5,none,MG1655-YFP,1,2F1,2019.09.24,20151,9470,10681,20267,8169,12098,0.469951863,0.403069028,0.958446369,0.918988466,1.040993677,1.050111029,0.991317725
M9-Glucose,Ancestor,Common (MG1655),PB5,none,MG1655-YFP,2,2F2,2019.09.24,20096,9560,10536,20257,8157,12100,0.475716561,0.402675618,0.958446369,0.918988466,1.04472083,1.050111029,0.994867019
M9-Glucose,Ancestor,Common (MG1655),PB5,none,MG1655-YFP,3,2F3,2019.09.24,20146,9816,10330,20276,7619,12657,0.487243125,0.375764451,0.958446369,0.918988466,1.068714118,1.050111029,1.017715354
M9-Glucose,Ancestor,Common (MG1655),PB5,none,MG1655-YFP,4,2F4,2019.09.24,20112,9125,10987,20284,7699,12585,0.453709228,0.379560245,0.958446369,0.918988466,1.046015494,1.050111029,0.996099902
Urine,Ancestor,Common (MG1655),PB1,none,MG1655-YFP,1,1B5,2019.11.26,20080,8370,11710,22476,10744,11732,0.416832669,0.478021,0.98383818,0.966996732,0.962699885,0.774241723,1.24340998
Urine,Ancestor,Common (MG1655),PB1,none,MG1655-YFP,2,1B6,2019.11.26,20263,7273,12990,24658,19826,4832,0.35893007,0.804039257,0.98383818,0.966996732,0.700212548,0.774241723,0.904384932
Urine,Ancestor,Common (MG1655),PB1,none,MG1655-YFP,3,1B7,2019.11.26,20216,7905,12311,24272,19898,4374,0.391026909,0.819792353,0.98383818,0.966996732,0.705300815,0.774241723,0.910956868
Urine,Ancestor,Common (MG1655),PB1,none,MG1655-YFP,4,1B8,2019.11.26,20145,7631,12514,24034,18917,5117,0.378803673,0.787093285,0.98383818,0.966996732,0.728753644,0.774241723,0.94124822
Urine,Ancestor,Common (MG1655),PB4,none,MG1655-YFP,1,1B9,2019.11.26,20860,6355,14505,24666,1766,22900,0.304650048,0.07159653,0.98383818,0.966996732,1.261469882,1.193098169,1.057306024
Urine,Ancestor,Common (MG1655),PB4,none,MG1655-YFP,2,1B10,2019.11.26,20594,7530,13064,23023,3562,19461,0.365640478,0.15471485,0.98383818,0.966996732,1.172659511,1.193098169,0.982869257
Urine,Ancestor,Common (MG1655),PB4,none,MG1655-YFP,3,1B11,2019.11.26,20674,6703,13971,24509,2417,22092,0.324223663,0.098616835,0.98383818,0.966996732,1.222500283,1.193098169,1.024643499
Urine,Ancestor,Common (MG1655),PB4,none,MG1655-YFP,4,1B12,2019.11.26,20487,8049,12438,22392,5166,17226,0.392883292,0.230707395,0.98383818,0.966996732,1.115763001,1.193098169,0.93518122
Urine,Ancestor,Common (MG1655),PB13,none,MG1655-YFP,1,1C1,2019.11.26,20282,10482,9800,20147,111,20036,0.516812938,0.005509505,0.98383818,0.966996732,1.792165378,1.770646276,1.012153248
Urine,Ancestor,Common (MG1655),PB13,none,MG1655-YFP,2,1C2,2019.11.26,20589,6176,14413,20264,102,20162,0.299966001,0.005033557,0.98383818,0.966996732,1.66815449,1.770646276,0.942116171
Urine,Ancestor,Common (MG1655),PB13,none,MG1655-YFP,3,1C3,2019.11.26,20240,10406,9834,20197,89,20108,0.514130435,0.004406595,0.98383818,0.966996732,1.824336544,1.770646276,1.030322413
Urine,Ancestor,Common (MG1655),PB13,none,MG1655-YFP,4,1C4,2019.11.26,20178,10574,9604,20152,110,20042,0.524036079,0.005458515,0.98383818,0.966996732,1.79792869,1.770646276,1.015408168
Urine,Ancestor,Common (MG1655),PB15,none,MG1655-YFP,1,1C5,2019.11.26,20329,8649,11680,22430,10562,11868,0.425451326,0.470887205,0.98383818,0.966996732,0.972327634,0.959201027,1.013684939
Urine,Ancestor,Common (MG1655),PB15,none,MG1655-YFP,2,1C6,2019.11.26,20198,8308,11890,21737,10062,11675,0.411327854,0.462897364,0.98383818,0.966996732,0.968422713,0.959201027,1.009613924
Urine,Ancestor,Common (MG1655),PB15,none,MG1655-YFP,3,1C7,2019.11.26,20204,7456,12748,22133,9098,13035,0.369035834,0.411060408,0.98383818,0.966996732,0.973393181,0.959201027,1.014795808
Urine,Ancestor,Common (MG1655),PB15,none,MG1655-YFP,4,1C8,2019.11.26,20302,5947,14355,22323,9134,13189,0.292926805,0.409174394,0.98383818,0.966996732,0.922660579,0.959201027,0.961905329
Urine,Ancestor,Common (MG1655),OLC682,none,MG1655-YFP,1,1C9,2019.11.26,20408,8460,11948,21557,7124,14433,0.414543316,0.3304727,0.98383818,0.966996732,1.054310802,1.040639582,1.013137325
Urine,Ancestor,Common (MG1655),OLC682,none,MG1655-YFP,2,1C10,2019.11.26,20315,8447,11868,21803,7561,14242,0.415801132,0.346787139,0.98383818,0.966996732,1.044124606,1.040639582,1.003348925
Urine,Ancestor,Common (MG1655),OLC682,none,MG1655-YFP,3,1C11,2019.11.26,20263,8074,12189,22320,7008,15312,0.398460248,0.313978495,0.98383818,0.966996732,1.055645334,1.040639582,1.01441974
Urine,Ancestor,Common (MG1655),OLC682,none,MG1655-YFP,4,1C12,2019.11.26,20337,8353,11984,22182,8810,13372,0.410729213,0.397168876,0.98383818,0.966996732,1.008477585,1.040639582,0.96909401
Urine,Ancestor,Common (MG1655),OLC969,none,MG1655-YFP,1,1D1,2019.11.26,20639,7064,13575,23773,1599,22174,0.342264645,0.067261179,0.98383818,0.966996732,1.297466342,1.286387385,1.008612458
Urine,Ancestor,Common (MG1655),OLC969,none,MG1655-YFP,2,1D2,2019.11.26,21010,6136,14874,23671,1612,22059,0.292051404,0.068100207,0.98383818,0.966996732,1.260511867,1.286387385,0.979885128
Urine,Ancestor,Common (MG1655),OLC969,none,MG1655-YFP,3,1D3,2019.11.26,20604,7430,13174,23616,1858,21758,0.36060959,0.078675474,0.98383818,0.966996732,1.284136423,1.286387385,0.998250168
Urine,Ancestor,Common (MG1655),OLC969,none,MG1655-YFP,4,1D4,2019.11.26,20523,7350,13173,23318,1613,21705,0.358134776,0.069174029,0.98383818,0.966996732,1.303434907,1.286387385,1.013252246
Urine,Ancestor,Common (MG1655),PB2,none,MG1655-YFP,1,1D5,2019.11.26,20736,5370,15366,28670,5076,23594,0.258969907,0.17704918,0.98383818,0.966996732,1.073020774,1.080673965,0.992918132
Urine,Ancestor,Common (MG1655),PB2,none,MG1655-YFP,2,1D6,2019.11.26,20504,6592,13912,28669,6029,22640,0.321498244,0.210296836,0.98383818,0.966996732,1.08673308,1.080673965,1.005606793
Urine,Ancestor,Common (MG1655),PB2,none,MG1655-YFP,3,1D7,2019.11.26,20655,6041,14614,29217,5487,23730,0.292471557,0.187801622,0.98383818,0.966996732,1.087441387,1.080673965,1.006262224
Urine,Ancestor,Common (MG1655),PB2,none,MG1655-YFP,4,1D8,2019.11.26,20525,4748,15777,29738,4584,25154,0.231327649,0.15414621,0.98383818,0.966996732,1.075500617,1.080673965,0.995212851
Urine,Ancestor,Common (MG1655),PB5,none,MG1655-YFP,1,1D9,2019.11.26,20154,6096,14058,22360,4113,18247,0.302470974,0.183944544,0.98383818,0.966996732,1.098480335,1.088954746,1.008747461
Urine,Ancestor,Common (MG1655),PB5,none,MG1655-YFP,2,1D10,2019.11.26,20350,5743,14607,22219,5007,17212,0.282211302,0.225347675,0.98383818,0.966996732,1.045342754,1.088954746,0.959950593
Urine,Ancestor,Common (MG1655),PB5,none,MG1655-YFP,3,1D11,2019.11.26,20246,6312,13934,22335,4517,17818,0.311765287,0.202238639,0.98383818,0.966996732,1.087371219,1.088954746,0.998545829
Urine,Ancestor,Common (MG1655),PB5,none,MG1655-YFP,4,1D12,2019.11.26,20134,6708,13426,22128,3965,18163,0.333167776,0.179184743,0.98383818,0.966996732,1.124624675,1.088954746,1.032756117
Urine,Ancestor,Common (MG1655),PB6,none,MG1655-YFP,1,1E1,2019.11.26,20800,7862,12938,22577,1134,21443,0.377980769,0.050228108,0.98383818,0.966996732,1.367485281,1.355028094,1.009193306
Urine,Ancestor,Common (MG1655),PB6,none,MG1655-YFP,2,1E2,2019.11.26,20602,7315,13287,22471,1107,21364,0.355062615,0.049263495,0.98383818,0.966996732,1.35569622,1.355028094,1.000493072
Urine,Ancestor,Common (MG1655),PB6,none,MG1655-YFP,3,1E3,2019.11.26,21200,5930,15270,22887,850,22037,0.279716981,0.037138987,0.98383818,0.966996732,1.347595706,1.355028094,0.994514957
Urine,Ancestor,Common (MG1655),PB6,none,MG1655-YFP,4,1E4,2019.11.26,20348,7841,12507,22282,1292,20990,0.385344997,0.057984023,0.98383818,0.966996732,1.349335168,1.355028094,0.995798666
Urine,Ancestor,Common (MG1655),PB10,none,MG1655-YFP,1,1E5,2019.11.26,20113,10488,9625,20809,4780,16029,0.521453786,0.229708299,0.98383818,0.966996732,1.195041383,1.201939657,0.994260715
Urine,Ancestor,Common (MG1655),PB10,none,MG1655-YFP,2,1E6,2019.11.26,20194,11323,8871,20889,4845,16044,0.560711102,0.231940256,0.98383818,0.966996732,1.216957771,1.201939657,1.012494899
Urine,Ancestor,Common (MG1655),PB10,none,MG1655-YFP,3,1E7,2019.11.26,20096,9037,11059,21094,3846,17248,0.449691481,0.182326728,0.98383818,0.966996732,1.195480636,1.201939657,0.994626169
Urine,Ancestor,Common (MG1655),PB10,none,MG1655-YFP,4,1E8,2019.11.26,20114,9875,10239,21124,4291,16833,0.490951576,0.203133876,0.98383818,0.966996732,1.200278837,1.201939657,0.998618217
Urine,Ancestor,Common (MG1655),OLC809,none,MG1655-YFP,1,1E9,2019.11.26,24492,5787,18705,35848,871,34977,0.236281235,0.024297032,0.98383818,0.966996732,1.379241676,1.385469424,0.995504955
Urine,Ancestor,Common (MG1655),OLC809,none,MG1655-YFP,2,1E10,2019.11.26,24937,5495,19442,35214,738,34476,0.220355295,0.020957574,0.98383818,0.966996732,1.38840061,1.385469424,1.002115663
Urine,Ancestor,Common (MG1655),OLC809,none,MG1655-YFP,3,1E11,2019.11.26,24101,5497,18604,35251,750,34501,0.228081822,0.021275992,0.98383818,0.966996732,1.392768324,1.385469424,1.005268179
Urine,Ancestor,Common (MG1655),OLC809,none,MG1655-YFP,4,1E12,2019.11.26,23812,5249,18563,33601,737,32864,0.220435075,0.021933871,0.98383818,0.966996732,1.381467085,1.385469424,0.997111204
Urine,Ancestor,Isogenic,MG1655,none,MG1655-YFP,1,1F1,2019.11.26,20322,10114,10208,24063,14596,9467,0.497687236,0.606574409,0.98383818,0.966996732,0.933444289,0.959538019,0.972805945
Urine,Ancestor,Isogenic,MG1655,none,MG1655-YFP,2,1F2,2019.11.26,20338,8949,11389,24387,10139,14248,0.440013767,0.415754295,0.98383818,0.966996732,1.014919195,0.959538019,1.0577165
Urine,Ancestor,Isogenic,MG1655,none,MG1655-YFP,3,1F3,2019.11.26,20431,9642,10789,24068,13763,10305,0.47192991,0.571838125,0.98383818,0.966996732,0.939530124,0.959538019,0.979148408
Urine,Ancestor,Isogenic,MG1655,none,MG1655-YFP,4,1F4,2019.11.26,20372,9348,11024,24203,13101,11102,0.458865109,0.541296533,0.98383818,0.966996732,0.950258468,0.959538019,0.990329147
Colon,Ancestor,Isogenic,MG1655,none,MG1655-YFP,1,1A1,2020.03.05,20980,7969,13011,21502,5992,15510,0.379837941,0.278671751,0.800755377,0.74338545,1.069360862,1.063687798,1.005333392
Colon,Ancestor,Isogenic,MG1655,none,MG1655-YFP,2,1A2,2020.03.05,20923,7867,13056,21493,6222,15271,0.375997706,0.289489601,0.800755377,0.74338545,1.058895496,1.063687798,0.995494634
Colon,Ancestor,Isogenic,MG1655,none,MG1655-YFP,3,1A3,2020.03.05,20985,7895,13090,21441,5813,15628,0.37622111,0.271116086,0.800755377,0.74338545,1.072751192,1.063687798,1.008520727
Colon,Ancestor,Isogenic,MG1655,none,MG1655-YFP,4,1A4,2020.03.05,20937,7624,13313,21550,6165,15385,0.364140039,0.286078886,0.800755377,0.74338545,1.053743643,1.063687798,0.990651247
Colon,Ancestor,Common (MG1655),PB2,none,MG1655-YFP,1,1C9,2020.03.05,20819,7069,13750,20834,1607,19227,0.339545607,0.077133532,0.800755377,0.74338545,1.273429557,1.253021194,1.016287325
Colon,Ancestor,Common (MG1655),PB2,none,MG1655-YFP,2,1C10,2020.03.05,20831,6815,14016,20892,1876,19016,0.327156642,0.089795137,0.800755377,0.74338545,1.240081267,1.253021194,0.989673018
Colon,Ancestor,Common (MG1655),PB2,none,MG1655-YFP,3,1C11,2020.03.05,20859,6678,14181,20832,1656,19176,0.320149576,0.079493088,0.800755377,0.74338545,1.255299015,1.253021194,1.001817864
Colon,Ancestor,Common (MG1655),PB2,none,MG1655-YFP,4,1C12,2020.03.05,20803,6670,14133,20756,1779,18977,0.320626833,0.085710156,0.800755377,0.74338545,1.243274935,1.253021194,0.992221793
Colon,Ancestor,Common (MG1655),PB5,none,MG1655-YFP,1,1F5,2020.03.05,21040,8701,12339,21162,7516,13646,0.413545627,0.355164918,0.800755377,0.74338545,1.037190049,1.041297543,0.996055408
Colon,Ancestor,Common (MG1655),PB5,none,MG1655-YFP,2,1F6,2020.03.05,20912,8625,12287,21153,7631,13522,0.412442617,0.360752612,0.800755377,0.74338545,1.032845723,1.041297543,0.991883377
Colon,Ancestor,Common (MG1655),PB5,none,MG1655-YFP,3,1F7,2020.03.05,20876,8064,12812,21053,6268,14785,0.386280897,0.29772479,0.800755377,0.74338545,1.059481015,1.041297543,1.017462321
Colon,Ancestor,Common (MG1655),PB5,none,MG1655-YFP,4,1F8,2020.03.05,20845,7998,12847,21069,6940,14129,0.383689134,0.329393896,0.800755377,0.74338545,1.035673385,1.041297543,0.994598894
Colon,Ancestor,Common (MG1655),OLC809,none,MG1655-YFP,1,2A1,2020.03.05,21136,9392,11744,21317,6047,15270,0.444360333,0.28367031,0.800755377,0.74338545,1.105788507,1.10500855,1.000705839
Colon,Ancestor,Common (MG1655),OLC809,none,MG1655-YFP,2,2A2,2020.03.05,21099,9301,11798,21094,5993,15101,0.440826579,0.284109225,0.800755377,0.74338545,1.103307585,1.10500855,0.998460678
Colon,Ancestor,Common (MG1655),OLC809,none,MG1655-YFP,3,2A3,2020.03.05,21207,9301,11906,21232,6050,15182,0.4385816,0.284947249,0.800755377,0.74338545,1.101316415,1.10500855,0.996658728
Colon,Ancestor,Common (MG1655),OLC809,none,MG1655-YFP,4,2A4,2020.03.05,21079,9225,11854,21221,5795,15426,0.437639357,0.273078554,0.800755377,0.74338545,1.109621691,1.10500855,1.004174756
Colon,Ancestor,Common (MG1655),PB6,none,MG1655-YFP,1,2C9,2020.03.05,20816,7765,13051,21067,5645,15422,0.373030361,0.267954621,0.800755377,0.74338545,1.073118163,1.070757453,1.00220471
Colon,Ancestor,Common (MG1655),PB6,none,MG1655-YFP,2,2C10,2020.03.05,20805,7711,13094,21145,5422,15723,0.37063206,0.256419957,0.800755377,0.74338545,1.080548647,1.070757453,1.009144175
Colon,Ancestor,Common (MG1655),PB6,none,MG1655-YFP,3,2C11,2020.03.05,20707,7572,13135,20987,6519,14468,0.365673444,0.310620861,0.800755377,0.74338545,1.037086163,1.070757453,0.968553765
Colon,Ancestor,Common (MG1655),PB6,none,MG1655-YFP,4,2C12,2020.03.05,20964,7692,13272,21027,5024,16003,0.366914711,0.238930898,0.800755377,0.74338545,1.092276839,1.070757453,1.020097349
Colon,Ancestor,Common (MG1655),PB10,none,MG1655-YFP,1,2E5,2020.03.05,21380,8924,12456,21273,4456,16817,0.417399439,0.2094674,0.800755377,0.74338545,1.149714351,1.140660707,1.007937193
Colon,Ancestor,Common (MG1655),PB10,none,MG1655-YFP,2,2E6,2020.03.05,21250,9339,11911,21220,5324,15896,0.439482353,0.250895382,0.800755377,0.74338545,1.128024963,1.140660707,0.988922434
Colon,Ancestor,Common (MG1655),PB10,none,MG1655-YFP,3,2E7,2020.03.05,21454,9488,11966,21223,5111,16112,0.442248532,0.240823635,0.800755377,0.74338545,1.137890974,1.140660707,0.997571817
Colon,Ancestor,Common (MG1655),PB10,none,MG1655-YFP,4,2E8,2020.03.05,21283,9044,12239,21316,4640,16676,0.424940093,0.217676862,0.800755377,0.74338545,1.14701254,1.140660707,1.005568556
Colon,Ancestor,Common (MG1655),PB1,none,MG1655-YFP,1,2G1,2020.03.05,21106,15119,5987,20940,13759,7181,0.716336587,0.657067813,0.800755377,0.74338545,1.041558286,1.040363704,1.001148234
Colon,Ancestor,Common (MG1655),PB1,none,MG1655-YFP,2,2G2,2020.03.05,21302,13827,7475,21032,12612,8420,0.649093982,0.599657665,0.800755377,0.74338545,1.0317617,1.040363704,0.991731734
Colon,Ancestor,Common (MG1655),PB1,none,MG1655-YFP,3,2G3,2020.03.05,21211,15280,5931,20964,13420,7544,0.720380934,0.64014501,0.800755377,0.74338545,1.055744488,1.040363704,1.014784045
Colon,Ancestor,Common (MG1655),PB1,none,MG1655-YFP,4,2G4,2020.03.05,21410,13901,7509,20982,12565,8417,0.649276039,0.59884663,0.800755377,0.74338545,1.032390343,1.040363704,0.992335986
Colon,Ancestor,Common (MG1655),PB4,none,MG1655-YFP,1,2G5,2020.03.05,20585,7954,12631,20722,10256,10466,0.386397863,0.494932922,0.800755377,0.74338545,0.933440739,0.934013461,0.999386817
Colon,Ancestor,Common (MG1655),PB4,none,MG1655-YFP,2,2G6,2020.03.05,20613,7851,12762,20619,10102,10517,0.380876146,0.489936466,0.800755377,0.74338545,0.932934803,0.934013461,0.998845137
Colon,Ancestor,Common (MG1655),PB4,none,MG1655-YFP,3,2G7,2020.03.05,20634,8126,12508,20627,10560,10067,0.393816032,0.511950356,0.800755377,0.74338545,0.927886733,0.934013461,0.993440429
Colon,Ancestor,Common (MG1655),PB4,none,MG1655-YFP,4,2G8,2020.03.05,20557,7966,12591,20664,9965,10699,0.387507905,0.482239644,0.800755377,0.74338545,0.941791566,0.934013461,1.008327616
Colon,Ancestor,Common (MG1655),PB13,none,MG1655-YFP,1,2G9,2020.03.05,20843,11152,9691,20901,60,20841,0.535047738,0.002870676,0.800755377,0.74338545,1.901698348,2.315930073,0.821138069
Colon,Ancestor,Common (MG1655),PB13,none,MG1655-YFP,2,2G10,2020.03.05,21349,10331,11018,21112,1,21111,0.483910253,4.74E-05,0.800755377,0.74338545,2.489070205,2.315930073,1.074760518
Colon,Ancestor,Common (MG1655),PB13,none,MG1655-YFP,3,2G11,2020.03.05,21072,10530,10542,20732,0,20732,0.499715262,0,0.800755377,0.74338545,,2.315930073,
Colon,Ancestor,Common (MG1655),PB13,none,MG1655-YFP,4,2G12,2020.03.05,21376,12784,8592,20896,1,20895,0.598053892,4.79E-05,0.800755377,0.74338545,2.557021665,2.315930073,1.104101413
Colon,Ancestor,Common (MG1655),PB15,none,MG1655-YFP,1,2H1,2020.03.05,20772,8521,12251,21095,4763,16332,0.410215675,0.225788101,0.800755377,0.74338545,1.130823842,1.117874549,1.011583852
Colon,Ancestor,Common (MG1655),PB15,none,MG1655-YFP,2,2H2,2020.03.05,20786,8757,12029,21038,5808,15230,0.421293178,0.27607187,0.800755377,0.74338545,1.097317559,1.117874549,0.981610647
Colon,Ancestor,Common (MG1655),PB15,none,MG1655-YFP,3,2H3,2020.03.05,20829,8977,11852,21122,5068,16054,0.430985645,0.2399394,0.800755377,0.74338545,1.131727851,1.117874549,1.012392537
Colon,Ancestor,Common (MG1655),PB15,none,MG1655-YFP,4,2H4,2020.03.05,20731,8864,11867,20928,5492,15436,0.427572235,0.262423547,0.800755377,0.74338545,1.111628943,1.117874549,0.994412964
Colon,Ancestor,Common (MG1655),OLC682,none,MG1655-YFP,1,2H5,2020.03.05,21321,9521,11800,21180,10022,11158,0.44655504,0.473182247,0.800755377,0.74338545,0.98386094,0.990489324,0.99330797
Colon,Ancestor,Common (MG1655),OLC682,none,MG1655-YFP,2,2H6,2020.03.05,21303,9504,11799,21159,9788,11371,0.446134347,0.46259275,0.800755377,0.74338545,0.990006871,0.990489324,0.999512914
Colon,Ancestor,Common (MG1655),OLC682,none,MG1655-YFP,3,2H7,2020.03.05,21267,9375,11892,21124,9410,11714,0.440823812,0.445464874,0.800755377,0.74338545,0.997169177,0.990489324,1.006743993
Colon,Ancestor,Common (MG1655),OLC682,none,MG1655-YFP,4,2H8,2020.03.05,21239,9579,11660,21153,9857,11296,0.451009935,0.465985912,0.800755377,0.74338545,0.990920309,0.990489324,1.000435123
Colon,Ancestor,Common (MG1655),OLC969,none,MG1655-YFP,1,2H9,2020.03.05,20696,7806,12890,20549,9,20540,0.377174333,0.000437978,0.800755377,0.74338545,2.088425991,2.254835456,0.926198843
Colon,Ancestor,Common (MG1655),OLC969,none,MG1655-YFP,2,2H10,2020.03.05,20710,8069,12641,20615,0,20615,0.389618542,0,0.800755377,0.74338545,,2.254835456,
Colon,Ancestor,Common (MG1655),OLC969,none,MG1655-YFP,3,2H11,2020.03.05,20748,7901,12847,20511,1,20510,0.380807789,4.88E-05,0.800755377,0.74338545,2.421244921,2.254835456,1.073801157
Colon,Ancestor,Common (MG1655),OLC969,none,MG1655-YFP,4,2H12,2020.03.05,20681,8217,12464,20589,0,20589,0.397321213,0,0.800755377,0.74338545,,2.254835456,
